<?xml version="1.0" encoding="UTF-8"?>
<frame>
  <cameras>
    <camera camera_id="0">
      <photo path="../../../pics/IMG_20171007_074323811.jpg">
        <meta>
          <property name="Exif/ApertureValue" value="1.69599"/>
          <property name="Exif/DateTime" value="2017:10:07 07:43:23"/>
          <property name="Exif/DateTimeOriginal" value="2017:10:07 07:43:23"/>
          <property name="Exif/ExposureTime" value="0.02499"/>
          <property name="Exif/FNumber" value="1.8"/>
          <property name="Exif/FocalLength" value="4.51"/>
          <property name="Exif/ISOSpeedRatings" value="64"/>
          <property name="Exif/Make" value="motorola"/>
          <property name="Exif/Model" value="XT1650"/>
          <property name="Exif/ShutterSpeedValue" value="5.32"/>
          <property name="Exif/Software" value="griffin_verizon-user 7.0 NCL25.86-11 10 release-keys"/>
          <property name="File/ImageHeight" value="5344"/>
          <property name="File/ImageWidth" value="3006"/>
          <property name="System/FileModifyDate" value="2017:10:07 07:43:24"/>
          <property name="System/FileSize" value="4014834"/>
        </meta>
      </photo>
    </camera>
    <camera camera_id="1">
      <photo path="../../../pics/IMG_20171007_074325935.jpg">
        <meta>
          <property name="Exif/ApertureValue" value="1.69599"/>
          <property name="Exif/DateTime" value="2017:10:07 07:43:25"/>
          <property name="Exif/DateTimeOriginal" value="2017:10:07 07:43:25"/>
          <property name="Exif/ExposureTime" value="0.02499"/>
          <property name="Exif/FNumber" value="1.8"/>
          <property name="Exif/FocalLength" value="4.51"/>
          <property name="Exif/ISOSpeedRatings" value="64"/>
          <property name="Exif/Make" value="motorola"/>
          <property name="Exif/Model" value="XT1650"/>
          <property name="Exif/ShutterSpeedValue" value="5.32"/>
          <property name="Exif/Software" value="griffin_verizon-user 7.0 NCL25.86-11 10 release-keys"/>
          <property name="File/ImageHeight" value="5344"/>
          <property name="File/ImageWidth" value="3006"/>
          <property name="System/FileModifyDate" value="2017:10:07 07:43:26"/>
          <property name="System/FileSize" value="4075628"/>
        </meta>
      </photo>
    </camera>
    <camera camera_id="2">
      <photo path="../../../pics/IMG_20171007_074328099.jpg">
        <meta>
          <property name="Exif/ApertureValue" value="1.69599"/>
          <property name="Exif/DateTime" value="2017:10:07 07:43:27"/>
          <property name="Exif/DateTimeOriginal" value="2017:10:07 07:43:27"/>
          <property name="Exif/ExposureTime" value="0.02499"/>
          <property name="Exif/FNumber" value="1.8"/>
          <property name="Exif/FocalLength" value="4.51"/>
          <property name="Exif/ISOSpeedRatings" value="64"/>
          <property name="Exif/Make" value="motorola"/>
          <property name="Exif/Model" value="XT1650"/>
          <property name="Exif/ShutterSpeedValue" value="5.32"/>
          <property name="Exif/Software" value="griffin_verizon-user 7.0 NCL25.86-11 10 release-keys"/>
          <property name="File/ImageHeight" value="5344"/>
          <property name="File/ImageWidth" value="3006"/>
          <property name="System/FileModifyDate" value="2017:10:07 07:43:28"/>
          <property name="System/FileSize" value="3978394"/>
        </meta>
      </photo>
    </camera>
    <camera camera_id="3">
      <photo path="../../../pics/IMG_20171007_074330642.jpg">
        <meta>
          <property name="Exif/ApertureValue" value="1.69599"/>
          <property name="Exif/DateTime" value="2017:10:07 07:43:30"/>
          <property name="Exif/DateTimeOriginal" value="2017:10:07 07:43:30"/>
          <property name="Exif/ExposureTime" value="0.03333"/>
          <property name="Exif/FNumber" value="1.8"/>
          <property name="Exif/FocalLength" value="4.51"/>
          <property name="Exif/ISOSpeedRatings" value="64"/>
          <property name="Exif/Make" value="motorola"/>
          <property name="Exif/Model" value="XT1650"/>
          <property name="Exif/ShutterSpeedValue" value="4.9"/>
          <property name="Exif/Software" value="griffin_verizon-user 7.0 NCL25.86-11 10 release-keys"/>
          <property name="File/ImageHeight" value="5344"/>
          <property name="File/ImageWidth" value="3006"/>
          <property name="System/FileModifyDate" value="2017:10:07 07:43:30"/>
          <property name="System/FileSize" value="4334346"/>
        </meta>
      </photo>
    </camera>
    <camera camera_id="4">
      <photo path="../../../pics/IMG_20171007_074333059.jpg">
        <meta>
          <property name="Exif/ApertureValue" value="1.69599"/>
          <property name="Exif/DateTime" value="2017:10:07 07:43:32"/>
          <property name="Exif/DateTimeOriginal" value="2017:10:07 07:43:32"/>
          <property name="Exif/ExposureTime" value="0.03333"/>
          <property name="Exif/FNumber" value="1.8"/>
          <property name="Exif/FocalLength" value="4.51"/>
          <property name="Exif/ISOSpeedRatings" value="64"/>
          <property name="Exif/Make" value="motorola"/>
          <property name="Exif/Model" value="XT1650"/>
          <property name="Exif/ShutterSpeedValue" value="4.9"/>
          <property name="Exif/Software" value="griffin_verizon-user 7.0 NCL25.86-11 10 release-keys"/>
          <property name="File/ImageHeight" value="5344"/>
          <property name="File/ImageWidth" value="3006"/>
          <property name="System/FileModifyDate" value="2017:10:07 07:43:33"/>
          <property name="System/FileSize" value="4133786"/>
        </meta>
      </photo>
    </camera>
    <camera camera_id="5">
      <photo path="../../../pics/IMG_20171007_074335767.jpg">
        <meta>
          <property name="Exif/ApertureValue" value="1.69599"/>
          <property name="Exif/DateTime" value="2017:10:07 07:43:35"/>
          <property name="Exif/DateTimeOriginal" value="2017:10:07 07:43:35"/>
          <property name="Exif/ExposureTime" value="0.03333"/>
          <property name="Exif/FNumber" value="1.8"/>
          <property name="Exif/FocalLength" value="4.51"/>
          <property name="Exif/ISOSpeedRatings" value="64"/>
          <property name="Exif/Make" value="motorola"/>
          <property name="Exif/Model" value="XT1650"/>
          <property name="Exif/ShutterSpeedValue" value="4.9"/>
          <property name="Exif/Software" value="griffin_verizon-user 7.0 NCL25.86-11 10 release-keys"/>
          <property name="File/ImageHeight" value="5344"/>
          <property name="File/ImageWidth" value="3006"/>
          <property name="System/FileModifyDate" value="2017:10:07 07:43:36"/>
          <property name="System/FileSize" value="4205350"/>
        </meta>
      </photo>
    </camera>
    <camera camera_id="6">
      <photo path="../../../pics/IMG_20171007_074338769.jpg">
        <meta>
          <property name="Exif/ApertureValue" value="1.69599"/>
          <property name="Exif/DateTime" value="2017:10:07 07:43:38"/>
          <property name="Exif/DateTimeOriginal" value="2017:10:07 07:43:38"/>
          <property name="Exif/ExposureTime" value="0.03333"/>
          <property name="Exif/FNumber" value="1.8"/>
          <property name="Exif/FocalLength" value="4.51"/>
          <property name="Exif/ISOSpeedRatings" value="64"/>
          <property name="Exif/Make" value="motorola"/>
          <property name="Exif/Model" value="XT1650"/>
          <property name="Exif/ShutterSpeedValue" value="4.9"/>
          <property name="Exif/Software" value="griffin_verizon-user 7.0 NCL25.86-11 10 release-keys"/>
          <property name="File/ImageHeight" value="5344"/>
          <property name="File/ImageWidth" value="3006"/>
          <property name="System/FileModifyDate" value="2017:10:07 07:43:39"/>
          <property name="System/FileSize" value="4300465"/>
        </meta>
      </photo>
    </camera>
    <camera camera_id="7">
      <photo path="../../../pics/IMG_20171007_074341442.jpg">
        <meta>
          <property name="Exif/ApertureValue" value="1.69599"/>
          <property name="Exif/DateTime" value="2017:10:07 07:43:41"/>
          <property name="Exif/DateTimeOriginal" value="2017:10:07 07:43:41"/>
          <property name="Exif/ExposureTime" value="0.03333"/>
          <property name="Exif/FNumber" value="1.8"/>
          <property name="Exif/FocalLength" value="4.51"/>
          <property name="Exif/ISOSpeedRatings" value="64"/>
          <property name="Exif/Make" value="motorola"/>
          <property name="Exif/Model" value="XT1650"/>
          <property name="Exif/ShutterSpeedValue" value="4.9"/>
          <property name="Exif/Software" value="griffin_verizon-user 7.0 NCL25.86-11 10 release-keys"/>
          <property name="File/ImageHeight" value="5344"/>
          <property name="File/ImageWidth" value="3006"/>
          <property name="System/FileModifyDate" value="2017:10:07 07:43:42"/>
          <property name="System/FileSize" value="4167599"/>
        </meta>
      </photo>
    </camera>
    <camera camera_id="8">
      <photo path="../../../pics/IMG_20171007_074344227.jpg">
        <meta>
          <property name="Exif/ApertureValue" value="1.69599"/>
          <property name="Exif/DateTime" value="2017:10:07 07:43:44"/>
          <property name="Exif/DateTimeOriginal" value="2017:10:07 07:43:44"/>
          <property name="Exif/ExposureTime" value="0.03333"/>
          <property name="Exif/FNumber" value="1.8"/>
          <property name="Exif/FocalLength" value="4.51"/>
          <property name="Exif/ISOSpeedRatings" value="64"/>
          <property name="Exif/Make" value="motorola"/>
          <property name="Exif/Model" value="XT1650"/>
          <property name="Exif/ShutterSpeedValue" value="4.9"/>
          <property name="Exif/Software" value="griffin_verizon-user 7.0 NCL25.86-11 10 release-keys"/>
          <property name="File/ImageHeight" value="5344"/>
          <property name="File/ImageWidth" value="3006"/>
          <property name="System/FileModifyDate" value="2017:10:07 07:43:44"/>
          <property name="System/FileSize" value="4100797"/>
        </meta>
      </photo>
    </camera>
    <camera camera_id="9">
      <photo path="../../../pics/IMG_20171007_074346478.jpg">
        <meta>
          <property name="Exif/ApertureValue" value="1.69599"/>
          <property name="Exif/DateTime" value="2017:10:07 07:43:46"/>
          <property name="Exif/DateTimeOriginal" value="2017:10:07 07:43:46"/>
          <property name="Exif/ExposureTime" value="0.03333"/>
          <property name="Exif/FNumber" value="1.8"/>
          <property name="Exif/FocalLength" value="4.51"/>
          <property name="Exif/ISOSpeedRatings" value="64"/>
          <property name="Exif/Make" value="motorola"/>
          <property name="Exif/Model" value="XT1650"/>
          <property name="Exif/ShutterSpeedValue" value="4.9"/>
          <property name="Exif/Software" value="griffin_verizon-user 7.0 NCL25.86-11 10 release-keys"/>
          <property name="File/ImageHeight" value="5344"/>
          <property name="File/ImageWidth" value="3006"/>
          <property name="System/FileModifyDate" value="2017:10:07 07:43:47"/>
          <property name="System/FileSize" value="4161492"/>
        </meta>
      </photo>
    </camera>
    <camera camera_id="10">
      <photo path="../../../pics/IMG_20171007_074348854.jpg">
        <meta>
          <property name="Exif/ApertureValue" value="1.69599"/>
          <property name="Exif/DateTime" value="2017:10:07 07:43:48"/>
          <property name="Exif/DateTimeOriginal" value="2017:10:07 07:43:48"/>
          <property name="Exif/ExposureTime" value="0.03333"/>
          <property name="Exif/FNumber" value="1.8"/>
          <property name="Exif/FocalLength" value="4.51"/>
          <property name="Exif/ISOSpeedRatings" value="64"/>
          <property name="Exif/Make" value="motorola"/>
          <property name="Exif/Model" value="XT1650"/>
          <property name="Exif/ShutterSpeedValue" value="4.9"/>
          <property name="Exif/Software" value="griffin_verizon-user 7.0 NCL25.86-11 10 release-keys"/>
          <property name="File/ImageHeight" value="5344"/>
          <property name="File/ImageWidth" value="3006"/>
          <property name="System/FileModifyDate" value="2017:10:07 07:43:49"/>
          <property name="System/FileSize" value="4272616"/>
        </meta>
      </photo>
    </camera>
    <camera camera_id="11">
      <photo path="../../../pics/IMG_20171007_074351808.jpg">
        <meta>
          <property name="Exif/ApertureValue" value="1.69599"/>
          <property name="Exif/DateTime" value="2017:10:07 07:43:51"/>
          <property name="Exif/DateTimeOriginal" value="2017:10:07 07:43:51"/>
          <property name="Exif/ExposureTime" value="0.02499"/>
          <property name="Exif/FNumber" value="1.8"/>
          <property name="Exif/FocalLength" value="4.51"/>
          <property name="Exif/ISOSpeedRatings" value="64"/>
          <property name="Exif/Make" value="motorola"/>
          <property name="Exif/Model" value="XT1650"/>
          <property name="Exif/ShutterSpeedValue" value="5.32"/>
          <property name="Exif/Software" value="griffin_verizon-user 7.0 NCL25.86-11 10 release-keys"/>
          <property name="File/ImageHeight" value="5344"/>
          <property name="File/ImageWidth" value="3006"/>
          <property name="System/FileModifyDate" value="2017:10:07 07:43:52"/>
          <property name="System/FileSize" value="4477593"/>
        </meta>
      </photo>
    </camera>
    <camera camera_id="12">
      <photo path="../../../pics/IMG_20171007_074355059.jpg">
        <meta>
          <property name="Exif/ApertureValue" value="1.69599"/>
          <property name="Exif/DateTime" value="2017:10:07 07:43:54"/>
          <property name="Exif/DateTimeOriginal" value="2017:10:07 07:43:54"/>
          <property name="Exif/ExposureTime" value="0.01666"/>
          <property name="Exif/FNumber" value="1.8"/>
          <property name="Exif/FocalLength" value="4.51"/>
          <property name="Exif/ISOSpeedRatings" value="80"/>
          <property name="Exif/Make" value="motorola"/>
          <property name="Exif/Model" value="XT1650"/>
          <property name="Exif/ShutterSpeedValue" value="5.9"/>
          <property name="Exif/Software" value="griffin_verizon-user 7.0 NCL25.86-11 10 release-keys"/>
          <property name="File/ImageHeight" value="5344"/>
          <property name="File/ImageWidth" value="3006"/>
          <property name="System/FileModifyDate" value="2017:10:07 07:43:55"/>
          <property name="System/FileSize" value="4327298"/>
        </meta>
      </photo>
    </camera>
    <camera camera_id="13">
      <photo path="../../../pics/IMG_20171007_074359893.jpg">
        <meta>
          <property name="Exif/ApertureValue" value="1.69599"/>
          <property name="Exif/DateTime" value="2017:10:07 07:43:59"/>
          <property name="Exif/DateTimeOriginal" value="2017:10:07 07:43:59"/>
          <property name="Exif/ExposureTime" value="0.02499"/>
          <property name="Exif/FNumber" value="1.8"/>
          <property name="Exif/FocalLength" value="4.51"/>
          <property name="Exif/ISOSpeedRatings" value="64"/>
          <property name="Exif/Make" value="motorola"/>
          <property name="Exif/Model" value="XT1650"/>
          <property name="Exif/ShutterSpeedValue" value="5.32"/>
          <property name="Exif/Software" value="griffin_verizon-user 7.0 NCL25.86-11 10 release-keys"/>
          <property name="File/ImageHeight" value="5344"/>
          <property name="File/ImageWidth" value="3006"/>
          <property name="System/FileModifyDate" value="2017:10:07 07:44:00"/>
          <property name="System/FileSize" value="4389717"/>
        </meta>
      </photo>
    </camera>
    <camera camera_id="14">
      <photo path="../../../pics/IMG_20171007_074403100.jpg">
        <meta>
          <property name="Exif/ApertureValue" value="1.69599"/>
          <property name="Exif/DateTime" value="2017:10:07 07:44:02"/>
          <property name="Exif/DateTimeOriginal" value="2017:10:07 07:44:02"/>
          <property name="Exif/ExposureTime" value="0.02499"/>
          <property name="Exif/FNumber" value="1.8"/>
          <property name="Exif/FocalLength" value="4.51"/>
          <property name="Exif/ISOSpeedRatings" value="64"/>
          <property name="Exif/Make" value="motorola"/>
          <property name="Exif/Model" value="XT1650"/>
          <property name="Exif/ShutterSpeedValue" value="5.32"/>
          <property name="Exif/Software" value="griffin_verizon-user 7.0 NCL25.86-11 10 release-keys"/>
          <property name="File/ImageHeight" value="5344"/>
          <property name="File/ImageWidth" value="3006"/>
          <property name="System/FileModifyDate" value="2017:10:07 07:44:03"/>
          <property name="System/FileSize" value="4250177"/>
        </meta>
      </photo>
    </camera>
    <camera camera_id="15">
      <photo path="../../../pics/IMG_20171007_074405567.jpg">
        <meta>
          <property name="Exif/ApertureValue" value="1.69599"/>
          <property name="Exif/DateTime" value="2017:10:07 07:44:05"/>
          <property name="Exif/DateTimeOriginal" value="2017:10:07 07:44:05"/>
          <property name="Exif/ExposureTime" value="0.01666"/>
          <property name="Exif/FNumber" value="1.8"/>
          <property name="Exif/FocalLength" value="4.51"/>
          <property name="Exif/ISOSpeedRatings" value="80"/>
          <property name="Exif/Make" value="motorola"/>
          <property name="Exif/Model" value="XT1650"/>
          <property name="Exif/ShutterSpeedValue" value="5.9"/>
          <property name="Exif/Software" value="griffin_verizon-user 7.0 NCL25.86-11 10 release-keys"/>
          <property name="File/ImageHeight" value="5344"/>
          <property name="File/ImageWidth" value="3006"/>
          <property name="System/FileModifyDate" value="2017:10:07 07:44:05"/>
          <property name="System/FileSize" value="4135375"/>
        </meta>
      </photo>
    </camera>
    <camera camera_id="16">
      <photo path="../../../pics/IMG_20171007_074407809.jpg">
        <meta>
          <property name="Exif/ApertureValue" value="1.69599"/>
          <property name="Exif/DateTime" value="2017:10:07 07:44:07"/>
          <property name="Exif/DateTimeOriginal" value="2017:10:07 07:44:07"/>
          <property name="Exif/ExposureTime" value="0.02499"/>
          <property name="Exif/FNumber" value="1.8"/>
          <property name="Exif/FocalLength" value="4.51"/>
          <property name="Exif/ISOSpeedRatings" value="64"/>
          <property name="Exif/Make" value="motorola"/>
          <property name="Exif/Model" value="XT1650"/>
          <property name="Exif/ShutterSpeedValue" value="5.32"/>
          <property name="Exif/Software" value="griffin_verizon-user 7.0 NCL25.86-11 10 release-keys"/>
          <property name="File/ImageHeight" value="5344"/>
          <property name="File/ImageWidth" value="3006"/>
          <property name="System/FileModifyDate" value="2017:10:07 07:44:08"/>
          <property name="System/FileSize" value="4059182"/>
        </meta>
      </photo>
    </camera>
    <camera camera_id="17">
      <photo path="../../../pics/IMG_20171007_074410268.jpg">
        <meta>
          <property name="Exif/ApertureValue" value="1.69599"/>
          <property name="Exif/DateTime" value="2017:10:07 07:44:10"/>
          <property name="Exif/DateTimeOriginal" value="2017:10:07 07:44:10"/>
          <property name="Exif/ExposureTime" value="0.03333"/>
          <property name="Exif/FNumber" value="1.8"/>
          <property name="Exif/FocalLength" value="4.51"/>
          <property name="Exif/ISOSpeedRatings" value="64"/>
          <property name="Exif/Make" value="motorola"/>
          <property name="Exif/Model" value="XT1650"/>
          <property name="Exif/ShutterSpeedValue" value="4.9"/>
          <property name="Exif/Software" value="griffin_verizon-user 7.0 NCL25.86-11 10 release-keys"/>
          <property name="File/ImageHeight" value="5344"/>
          <property name="File/ImageWidth" value="3006"/>
          <property name="System/FileModifyDate" value="2017:10:07 07:44:10"/>
          <property name="System/FileSize" value="4364704"/>
        </meta>
      </photo>
    </camera>
    <camera camera_id="18">
      <photo path="../../../pics/IMG_20171007_074412349.jpg">
        <meta>
          <property name="Exif/ApertureValue" value="1.69599"/>
          <property name="Exif/DateTime" value="2017:10:07 07:44:12"/>
          <property name="Exif/DateTimeOriginal" value="2017:10:07 07:44:12"/>
          <property name="Exif/ExposureTime" value="0.03333"/>
          <property name="Exif/FNumber" value="1.8"/>
          <property name="Exif/FocalLength" value="4.51"/>
          <property name="Exif/ISOSpeedRatings" value="64"/>
          <property name="Exif/Make" value="motorola"/>
          <property name="Exif/Model" value="XT1650"/>
          <property name="Exif/ShutterSpeedValue" value="4.9"/>
          <property name="Exif/Software" value="griffin_verizon-user 7.0 NCL25.86-11 10 release-keys"/>
          <property name="File/ImageHeight" value="5344"/>
          <property name="File/ImageWidth" value="3006"/>
          <property name="System/FileModifyDate" value="2017:10:07 07:44:12"/>
          <property name="System/FileSize" value="4140348"/>
        </meta>
      </photo>
    </camera>
    <camera camera_id="19">
      <photo path="../../../pics/IMG_20171007_074414437.jpg">
        <meta>
          <property name="Exif/ApertureValue" value="1.69599"/>
          <property name="Exif/DateTime" value="2017:10:07 07:44:14"/>
          <property name="Exif/DateTimeOriginal" value="2017:10:07 07:44:14"/>
          <property name="Exif/ExposureTime" value="0.03333"/>
          <property name="Exif/FNumber" value="1.8"/>
          <property name="Exif/FocalLength" value="4.51"/>
          <property name="Exif/ISOSpeedRatings" value="64"/>
          <property name="Exif/Make" value="motorola"/>
          <property name="Exif/Model" value="XT1650"/>
          <property name="Exif/ShutterSpeedValue" value="4.9"/>
          <property name="Exif/Software" value="griffin_verizon-user 7.0 NCL25.86-11 10 release-keys"/>
          <property name="File/ImageHeight" value="5344"/>
          <property name="File/ImageWidth" value="3006"/>
          <property name="System/FileModifyDate" value="2017:10:07 07:44:15"/>
          <property name="System/FileSize" value="4309333"/>
        </meta>
      </photo>
    </camera>
    <camera camera_id="20">
      <photo path="../../../pics/IMG_20171007_074417271_BURST000_COVER_TOP.jpg">
        <meta>
          <property name="Exif/ApertureValue" value="1.69599"/>
          <property name="Exif/DateTime" value="2017:10:07 07:44:17"/>
          <property name="Exif/DateTimeOriginal" value="2017:10:07 07:44:17"/>
          <property name="Exif/ExposureTime" value="0.03333"/>
          <property name="Exif/FNumber" value="1.8"/>
          <property name="Exif/FocalLength" value="4.51"/>
          <property name="Exif/ISOSpeedRatings" value="64"/>
          <property name="Exif/Make" value="motorola"/>
          <property name="Exif/Model" value="XT1650"/>
          <property name="Exif/ShutterSpeedValue" value="4.9"/>
          <property name="Exif/Software" value="griffin_verizon-user 7.0 NCL25.86-11 10 release-keys"/>
          <property name="File/ImageHeight" value="5344"/>
          <property name="File/ImageWidth" value="3006"/>
          <property name="System/FileModifyDate" value="2017:10:07 07:44:17"/>
          <property name="System/FileSize" value="4188038"/>
        </meta>
      </photo>
    </camera>
    <camera camera_id="21">
      <photo path="../../../pics/IMG_20171007_074417271_BURST001.jpg">
        <meta>
          <property name="Exif/ApertureValue" value="1.69599"/>
          <property name="Exif/DateTime" value="2017:10:07 07:44:17"/>
          <property name="Exif/DateTimeOriginal" value="2017:10:07 07:44:17"/>
          <property name="Exif/ExposureTime" value="0.03333"/>
          <property name="Exif/FNumber" value="1.8"/>
          <property name="Exif/FocalLength" value="4.51"/>
          <property name="Exif/ISOSpeedRatings" value="64"/>
          <property name="Exif/Make" value="motorola"/>
          <property name="Exif/Model" value="XT1650"/>
          <property name="Exif/ShutterSpeedValue" value="4.9"/>
          <property name="Exif/Software" value="griffin_verizon-user 7.0 NCL25.86-11 10 release-keys"/>
          <property name="File/ImageHeight" value="5344"/>
          <property name="File/ImageWidth" value="3006"/>
          <property name="System/FileModifyDate" value="2017:10:07 07:44:17"/>
          <property name="System/FileSize" value="4277537"/>
        </meta>
      </photo>
    </camera>
    <camera camera_id="22">
      <photo path="../../../pics/IMG_20171007_074418979.jpg">
        <meta>
          <property name="Exif/ApertureValue" value="1.69599"/>
          <property name="Exif/DateTime" value="2017:10:07 07:44:18"/>
          <property name="Exif/DateTimeOriginal" value="2017:10:07 07:44:18"/>
          <property name="Exif/ExposureTime" value="0.03333"/>
          <property name="Exif/FNumber" value="1.8"/>
          <property name="Exif/FocalLength" value="4.51"/>
          <property name="Exif/ISOSpeedRatings" value="64"/>
          <property name="Exif/Make" value="motorola"/>
          <property name="Exif/Model" value="XT1650"/>
          <property name="Exif/ShutterSpeedValue" value="4.9"/>
          <property name="Exif/Software" value="griffin_verizon-user 7.0 NCL25.86-11 10 release-keys"/>
          <property name="File/ImageHeight" value="5344"/>
          <property name="File/ImageWidth" value="3006"/>
          <property name="System/FileModifyDate" value="2017:10:07 07:44:19"/>
          <property name="System/FileSize" value="4228285"/>
        </meta>
      </photo>
    </camera>
    <camera camera_id="23">
      <photo path="../../../pics/IMG_20171007_074421098.jpg">
        <meta>
          <property name="Exif/ApertureValue" value="1.69599"/>
          <property name="Exif/DateTime" value="2017:10:07 07:44:20"/>
          <property name="Exif/DateTimeOriginal" value="2017:10:07 07:44:20"/>
          <property name="Exif/ExposureTime" value="0.03333"/>
          <property name="Exif/FNumber" value="1.8"/>
          <property name="Exif/FocalLength" value="4.51"/>
          <property name="Exif/ISOSpeedRatings" value="64"/>
          <property name="Exif/Make" value="motorola"/>
          <property name="Exif/Model" value="XT1650"/>
          <property name="Exif/ShutterSpeedValue" value="4.9"/>
          <property name="Exif/Software" value="griffin_verizon-user 7.0 NCL25.86-11 10 release-keys"/>
          <property name="File/ImageHeight" value="5344"/>
          <property name="File/ImageWidth" value="3006"/>
          <property name="System/FileModifyDate" value="2017:10:07 07:44:21"/>
          <property name="System/FileSize" value="4459401"/>
        </meta>
      </photo>
    </camera>
    <camera camera_id="24">
      <photo path="../../../pics/IMG_20171007_074423894.jpg">
        <meta>
          <property name="Exif/ApertureValue" value="1.69599"/>
          <property name="Exif/DateTime" value="2017:10:07 07:44:23"/>
          <property name="Exif/DateTimeOriginal" value="2017:10:07 07:44:23"/>
          <property name="Exif/ExposureTime" value="0.03333"/>
          <property name="Exif/FNumber" value="1.8"/>
          <property name="Exif/FocalLength" value="4.51"/>
          <property name="Exif/ISOSpeedRatings" value="64"/>
          <property name="Exif/Make" value="motorola"/>
          <property name="Exif/Model" value="XT1650"/>
          <property name="Exif/ShutterSpeedValue" value="4.9"/>
          <property name="Exif/Software" value="griffin_verizon-user 7.0 NCL25.86-11 10 release-keys"/>
          <property name="File/ImageHeight" value="5344"/>
          <property name="File/ImageWidth" value="3006"/>
          <property name="System/FileModifyDate" value="2017:10:07 07:44:24"/>
          <property name="System/FileSize" value="4545168"/>
        </meta>
      </photo>
    </camera>
    <camera camera_id="25">
      <photo path="../../../pics/IMG_20171007_074426224.jpg">
        <meta>
          <property name="Exif/ApertureValue" value="1.69599"/>
          <property name="Exif/DateTime" value="2017:10:07 07:44:26"/>
          <property name="Exif/DateTimeOriginal" value="2017:10:07 07:44:26"/>
          <property name="Exif/ExposureTime" value="0.02499"/>
          <property name="Exif/FNumber" value="1.8"/>
          <property name="Exif/FocalLength" value="4.51"/>
          <property name="Exif/ISOSpeedRatings" value="64"/>
          <property name="Exif/Make" value="motorola"/>
          <property name="Exif/Model" value="XT1650"/>
          <property name="Exif/ShutterSpeedValue" value="5.32"/>
          <property name="Exif/Software" value="griffin_verizon-user 7.0 NCL25.86-11 10 release-keys"/>
          <property name="File/ImageHeight" value="5344"/>
          <property name="File/ImageWidth" value="3006"/>
          <property name="System/FileModifyDate" value="2017:10:07 07:44:26"/>
          <property name="System/FileSize" value="4212738"/>
        </meta>
      </photo>
    </camera>
    <camera camera_id="26">
      <photo path="../../../pics/IMG_20171007_074429766_BURST000_COVER_TOP.jpg">
        <meta>
          <property name="Exif/ApertureValue" value="1.69599"/>
          <property name="Exif/DateTime" value="2017:10:07 07:44:29"/>
          <property name="Exif/DateTimeOriginal" value="2017:10:07 07:44:29"/>
          <property name="Exif/ExposureTime" value="0.02499"/>
          <property name="Exif/FNumber" value="1.8"/>
          <property name="Exif/FocalLength" value="4.51"/>
          <property name="Exif/ISOSpeedRatings" value="64"/>
          <property name="Exif/Make" value="motorola"/>
          <property name="Exif/Model" value="XT1650"/>
          <property name="Exif/ShutterSpeedValue" value="5.32"/>
          <property name="Exif/Software" value="griffin_verizon-user 7.0 NCL25.86-11 10 release-keys"/>
          <property name="File/ImageHeight" value="5344"/>
          <property name="File/ImageWidth" value="3006"/>
          <property name="System/FileModifyDate" value="2017:10:07 07:44:30"/>
          <property name="System/FileSize" value="4246399"/>
        </meta>
      </photo>
    </camera>
    <camera camera_id="27">
      <photo path="../../../pics/IMG_20171007_074429766_BURST001.jpg">
        <meta>
          <property name="Exif/ApertureValue" value="1.69599"/>
          <property name="Exif/DateTime" value="2017:10:07 07:44:29"/>
          <property name="Exif/DateTimeOriginal" value="2017:10:07 07:44:29"/>
          <property name="Exif/ExposureTime" value="0.02499"/>
          <property name="Exif/FNumber" value="1.8"/>
          <property name="Exif/FocalLength" value="4.51"/>
          <property name="Exif/ISOSpeedRatings" value="64"/>
          <property name="Exif/Make" value="motorola"/>
          <property name="Exif/Model" value="XT1650"/>
          <property name="Exif/ShutterSpeedValue" value="5.32"/>
          <property name="Exif/Software" value="griffin_verizon-user 7.0 NCL25.86-11 10 release-keys"/>
          <property name="File/ImageHeight" value="5344"/>
          <property name="File/ImageWidth" value="3006"/>
          <property name="System/FileModifyDate" value="2017:10:07 07:44:30"/>
          <property name="System/FileSize" value="4172960"/>
        </meta>
      </photo>
    </camera>
    <camera camera_id="28">
      <photo path="../../../pics/IMG_20171007_074432268.jpg">
        <meta>
          <property name="Exif/ApertureValue" value="1.69599"/>
          <property name="Exif/DateTime" value="2017:10:07 07:44:32"/>
          <property name="Exif/DateTimeOriginal" value="2017:10:07 07:44:32"/>
          <property name="Exif/ExposureTime" value="0.01666"/>
          <property name="Exif/FNumber" value="1.8"/>
          <property name="Exif/FocalLength" value="4.51"/>
          <property name="Exif/ISOSpeedRatings" value="80"/>
          <property name="Exif/Make" value="motorola"/>
          <property name="Exif/Model" value="XT1650"/>
          <property name="Exif/ShutterSpeedValue" value="5.9"/>
          <property name="Exif/Software" value="griffin_verizon-user 7.0 NCL25.86-11 10 release-keys"/>
          <property name="File/ImageHeight" value="5344"/>
          <property name="File/ImageWidth" value="3006"/>
          <property name="System/FileModifyDate" value="2017:10:07 07:44:32"/>
          <property name="System/FileSize" value="4033568"/>
        </meta>
      </photo>
    </camera>
    <camera camera_id="29">
      <photo path="../../../pics/IMG_20171007_074435306.jpg">
        <meta>
          <property name="Exif/ApertureValue" value="1.69599"/>
          <property name="Exif/DateTime" value="2017:10:07 07:44:35"/>
          <property name="Exif/DateTimeOriginal" value="2017:10:07 07:44:35"/>
          <property name="Exif/ExposureTime" value="0.02499"/>
          <property name="Exif/FNumber" value="1.8"/>
          <property name="Exif/FocalLength" value="4.51"/>
          <property name="Exif/ISOSpeedRatings" value="64"/>
          <property name="Exif/Make" value="motorola"/>
          <property name="Exif/Model" value="XT1650"/>
          <property name="Exif/ShutterSpeedValue" value="5.32"/>
          <property name="Exif/Software" value="griffin_verizon-user 7.0 NCL25.86-11 10 release-keys"/>
          <property name="File/ImageHeight" value="5344"/>
          <property name="File/ImageWidth" value="3006"/>
          <property name="System/FileModifyDate" value="2017:10:07 07:44:35"/>
          <property name="System/FileSize" value="4363254"/>
        </meta>
      </photo>
    </camera>
    <camera camera_id="30">
      <photo path="../../../pics/IMG_20171007_074438059.jpg">
        <meta>
          <property name="Exif/ApertureValue" value="1.69599"/>
          <property name="Exif/DateTime" value="2017:10:07 07:44:37"/>
          <property name="Exif/DateTimeOriginal" value="2017:10:07 07:44:37"/>
          <property name="Exif/ExposureTime" value="0.02499"/>
          <property name="Exif/FNumber" value="1.8"/>
          <property name="Exif/FocalLength" value="4.51"/>
          <property name="Exif/ISOSpeedRatings" value="64"/>
          <property name="Exif/Make" value="motorola"/>
          <property name="Exif/Model" value="XT1650"/>
          <property name="Exif/ShutterSpeedValue" value="5.32"/>
          <property name="Exif/Software" value="griffin_verizon-user 7.0 NCL25.86-11 10 release-keys"/>
          <property name="File/ImageHeight" value="5344"/>
          <property name="File/ImageWidth" value="3006"/>
          <property name="System/FileModifyDate" value="2017:10:07 07:44:38"/>
          <property name="System/FileSize" value="3875453"/>
        </meta>
      </photo>
    </camera>
    <camera camera_id="31">
      <photo path="../../../pics/IMG_20171007_074440515.jpg">
        <meta>
          <property name="Exif/ApertureValue" value="1.69599"/>
          <property name="Exif/DateTime" value="2017:10:07 07:44:40"/>
          <property name="Exif/DateTimeOriginal" value="2017:10:07 07:44:40"/>
          <property name="Exif/ExposureTime" value="0.03333"/>
          <property name="Exif/FNumber" value="1.8"/>
          <property name="Exif/FocalLength" value="4.51"/>
          <property name="Exif/ISOSpeedRatings" value="50"/>
          <property name="Exif/Make" value="motorola"/>
          <property name="Exif/Model" value="XT1650"/>
          <property name="Exif/ShutterSpeedValue" value="4.9"/>
          <property name="Exif/Software" value="griffin_verizon-user 7.0 NCL25.86-11 10 release-keys"/>
          <property name="File/ImageHeight" value="5344"/>
          <property name="File/ImageWidth" value="3006"/>
          <property name="System/FileModifyDate" value="2017:10:07 07:44:40"/>
          <property name="System/FileSize" value="4487484"/>
        </meta>
      </photo>
    </camera>
  </cameras>
  <thumbnails path="thumbnails/thumbnails.zip"/>
  <point_cloud path="point_cloud/point_cloud.zip"/>
  <dense_cloud path="dense_cloud/dense_cloud.zip"/>
  <model path="model.1/model.zip"/>
</frame>
