<?xml version="1.0" encoding="UTF-8"?>
<point_cloud version="1.2.0">
  <tracks path="tracks.ply" count="28666"/>
  <points path="points.ply" count="17697"/>
  <projections camera_id="0" path="p0.ply" count="1824"/>
  <projections camera_id="1" path="p1.ply" count="1350"/>
  <projections camera_id="2" path="p2.ply" count="2352"/>
  <projections camera_id="3" path="p3.ply" count="1414"/>
  <projections camera_id="4" path="p4.ply" count="1514"/>
  <projections camera_id="5" path="p5.ply" count="1657"/>
  <projections camera_id="6" path="p6.ply" count="1692"/>
  <projections camera_id="7" path="p7.ply" count="1745"/>
  <projections camera_id="8" path="p8.ply" count="2184"/>
  <projections camera_id="9" path="p9.ply" count="2196"/>
  <projections camera_id="10" path="p10.ply" count="1911"/>
  <projections camera_id="11" path="p11.ply" count="1848"/>
  <projections camera_id="12" path="p12.ply" count="2055"/>
  <projections camera_id="13" path="p13.ply" count="2454"/>
  <projections camera_id="14" path="p14.ply" count="2480"/>
  <projections camera_id="15" path="p15.ply" count="2716"/>
  <projections camera_id="16" path="p16.ply" count="2628"/>
  <projections camera_id="17" path="p17.ply" count="2833"/>
  <projections camera_id="18" path="p18.ply" count="2118"/>
  <projections camera_id="19" path="p19.ply" count="3184"/>
  <projections camera_id="20" path="p20.ply" count="3963"/>
  <projections camera_id="21" path="p21.ply" count="4012"/>
  <projections camera_id="22" path="p22.ply" count="2544"/>
  <projections camera_id="23" path="p23.ply" count="2645"/>
  <projections camera_id="24" path="p24.ply" count="2418"/>
  <projections camera_id="25" path="p25.ply" count="2513"/>
  <projections camera_id="26" path="p26.ply" count="4092"/>
  <projections camera_id="27" path="p27.ply" count="3999"/>
  <projections camera_id="28" path="p28.ply" count="2173"/>
  <projections camera_id="29" path="p29.ply" count="1798"/>
  <projections camera_id="30" path="p30.ply" count="1796"/>
  <projections camera_id="31" path="p31.ply" count="2250"/>
  <meta>
    <property name="match/duration" value="341.389"/>
    <property name="match/match_downscale" value="0"/>
    <property name="match/match_filter_mask" value="false"/>
    <property name="match/match_point_limit" value="40000"/>
    <property name="match/match_select_pairs" value="0"/>
    <property name="match/match_tiepoint_limit" value="4000"/>
  </meta>
</point_cloud>
